Name,Spectral Type,Radius (Solar),Mass (Solar),Luminosity (Solar),Temperature (K),Star X,Star Y,Star Z,System Name,System X,System Y,System Z
"Amateru","G3V",0.959796,0.95,0.835666,0.0,35.8,-1.2,0.9,"",35.8,-1.2,0.9
"Ari","G3V",0.9387232554229831,0.924,0.7583189331550476,0.0,-25.823,39.572,27.746,"",-25.823,39.572,27.746
"Aribai","G4V",0.9101676781203842,0.889,0.6624546660023453,0.0,60.68,36.163,-40.798,"",60.68,36.163,-40.798
"Arikai","F2IV",1.2456748936834685,1.316,2.6145419382625374,0.0,11.055,4.177,-76.304,"",11.055,4.177,-76.304
"Arimar","M1V",0.3847282728133286,0.303,0.01531260923245294,0.0,43.978,84.082,-12.282,"",43.978,84.082,-12.282
"Ariryrysa","F4V",1.182416445091961,1.233,2.0814729343998963,0.0,66.12,25.186,-44.915,"",66.12,25.186,-44.915
"Arisolgal","B5V",3.479959995260461,4.753,234.09241931270108,0.0,26.843,-14.24,-55.229,"",26.843,-14.24,-55.229
"Ash","A2V",1.4571795425993441,1.601,5.192418178698573,0.0,15.224,-27.197,53.393,"",15.224,-27.197,53.393
"Ashash","F5V",1.1954406247375462,1.25,2.1836601342771385,0.0,83.806,45.221,24.788,"",83.806,45.221,24.788
"Ashbra","K4V",0.632445756844776,0.564,0.1347338946991108,0.0,-9.935,2.661,-53.11,"",-9.935,2.661,-53.11
"Ashiru","G4V",0.9354708559961983,0.92,0.746891291445067,0.0,11.5,-27.3,23.1,"",11.5,-27.3,23.1
"Ashlum","M4V",0.30321174128098966,0.225,0.005403047845928317,0.0,-28.979,-75.734,0.105,"",-28.979,-75.734,0.105
"Ashmarmoja","A1V",1.5374571066193818,1.712,6.565429786958662,0.0,-82.337,25.25,-45.713,"",-82.337,25.25,-45.713
"Ashryash","B4V",5.553877067957095,8.526,1809.7085952528328,0.0,-11.498,-63.165,44.666,"",-11.498,-63.165,44.666
"Ashsa","G5V",0.8490359644677503,0.815,0.48871045565852,0.0,8.141,-74.228,-46.303,"",8.141,-74.228,-46.303
"Ashsol","K4V",0.6252588294921803,0.556,0.12816273613007392,0.0,-14.602,43.94,-68.585,"",-14.602,43.94,-68.585
"Ashzen","M4V",0.42286671618078464,0.341,0.023154762271249303,0.0,64.333,-40.269,22.52,"",64.333,-40.269,22.52
"Bainyo","G2V",0.9646423262287432,0.956,0.8542846894298264,0.0,8.937,-12.544,80.367,"",8.937,-12.544,80.367
"Bainyomoja","A5V",1.7806863654308909,2.057,12.483030192405925,0.0,-71.465,-35.067,10.977,"",-71.465,-35.067,10.977
"Baitazigal","M4V",0.23543719689878784,0.164,0.0017862961745652105,0.0,-0.187,-18.442,9.837,"",-0.187,-18.442,9.837
"Braariari","F0V",1.1066153478348817,1.135,1.5577060811423808,0.0,-15.137,-21.75,-70.133,"",-15.137,-21.75,-70.133
"Brabra","K1V",0.5953897463873588,0.523,0.10345605433809174,0.0,10.159,65.46,36.67,"",10.159,65.46,36.67
"Bramarta","M3V",0.39787776168530425,0.316,0.017738005660987627,0.0,-48.024,-59.589,-47.069,"",-48.024,-59.589,-47.069
"Brarytor","A2V",1.6351196170101465,1.849,8.595659215216626,0.0,-41.595,-74.49,33.546,"",-41.595,-74.49,33.546
"Bratazi","G3IV",0.9452196246655512,0.932,0.7815480669187672,0.0,-53.264,-44.065,62.391,"",-53.264,-44.065,62.391
"Brator","F2V",1.2961574012614971,1.383,3.1108396833304774,0.0,-11.053,-22.216,46.065,"",-11.053,-22.216,46.065
"Braval","K4V",0.7362537159407286,0.682,0.2619662307002049,0.0,39.964,-13.393,-42.372,"",39.964,-13.393,-42.372
"Galbai","F4V",1.1693563004271086,1.216,1.9827479625719995,0.0,-3.619,-12.71,-6.188,"",-3.619,-12.71,-6.188
"Galgal","G4V",0.9525147262056777,0.941,0.8082834416216905,0.0,42.169,-21.997,-81.46,"",42.169,-21.997,-81.46
"Galsol","M3V",0.2934695194581322,0.216,0.004683689853136932,0.0,5.287,22.597,-16.396,"",5.287,22.597,-16.396
"Galzen","M4V",0.39787776168530425,0.316,0.017738005660987627,0.0,-13.871,-10.03,12.34,"",-13.871,-10.03,12.34
"Haha","G5V",0.9959979959889647,0.995,0.9826091017334839,0.0,4.057,-88.976,-29.886,"",4.057,-88.976,-29.886
"Hamwa","G5V",0.9565615261224911,0.946,0.8234153852825131,0.0,-0.73,-61.4,26.57,"",-0.73,-61.4,26.57
"Hana","K3V",0.6547752210169812,0.589,0.15682075187881067,0.0,52.154,-57.292,57.32,"",52.154,-57.292,57.32
"Harazai","K4V",0.6476507993959838,0.581,0.14949148751735122,0.0,-5.065,-32.27,40.181,"",-5.065,-32.27,40.181
"Haru","K1V",0.8231004708941264,0.784,0.4266838640374658,0.0,94.404,-25.174,11.959,"",94.404,-25.174,11.959
"Hatem","M1V",0.4327585860670905,0.351,0.025619751185061296,0.0,17.403,-24.575,52.852,"",17.403,-24.575,52.852
"Hatotoru","G0IV",0.8772556059806802,0.849,0.5638673081804778,0.0,34.657,-75.871,-20.239,"",34.657,-75.871,-20.239
"Hoshima","G2V",1.0,1.0,1.0,0.0,0.9,34.2,1.8,"",0.9,34.2,1.8
"Imari","G5V",0.9191661188401216,0.9,0.6915901242788246,0.0,-33.2,-3.5,-1.7,"",-33.2,-3.5,-1.7
"Jioni","G4V",0.9354708559961983,0.92,0.746891291445067,0.0,3.9,-31.6,1.8,"",3.9,-31.6,1.8
"Jua","F1V",1.1900820448784848,1.243,2.1411591555283946,0.0,2.403,-65.27,15.466,"",2.403,-65.27,15.466
"Juakilikai","M0V",0.22620368661819718,0.156,0.0014994641754402592,0.0,16.486,58.428,-55.933,"",16.486,58.428,-55.933
"Juasamwa","K5V",0.6270574891733934,0.558,0.12978356402657495,0.0,-7.86,-22.59,-26.484,"",-7.86,-22.59,-26.484
"Juatemmar","M5V",0.46791694406445805,0.387,0.03605689934739033,0.0,43.932,26.99,-74.344,"",43.932,26.99,-74.344
"Kai","G2V",0.9232490370726293,0.905,0.7051313556264747,0.0,-67.558,-43.943,-40.071,"",-67.558,-43.943,-40.071
"Kaiarival","K3V",0.6698508292271763,0.606,0.17324239721483534,0.0,-87.989,14.971,-27.121,"",-87.989,14.971,-27.121
"Kaitorbra","A4IV",1.6689905002169017,1.897,9.402333642782645,0.0,16.798,-17.781,-67.166,"",16.798,-17.781,-67.166
"Kako","A3V",1.360986658132293,1.47,3.8513294591877787,0.0,-65.305,34.473,16.558,"",-65.305,34.473,16.558
"Kamori","G3V",0.9597958863520393,0.95,0.8356657801380584,0.0,-0.179785171120324,39.15,-2.542922336322704,"",-0.179785171120324,39.15,-2.542922336322704
"Karibu","G2V",1.0,1.0,1.0,0.0,-34.8,-3.1,-3.6,"",-34.8,-3.1,-3.6
"Kasara","A0V",1.5266710627763591,1.697,6.36629044278606,0.0,72.052,-4.82,23.761,"",72.052,-4.82,23.761
"Katoshi","F0V",1.1655081493945716,1.211,1.954359710531499,0.0,41.188,75.633,-22.302,"",41.188,75.633,-22.302
"Kavashi","G5V",0.9191661188401216,0.9,0.6915901242788246,0.0,-3.5,-32.8,-2.2,"",-3.5,-32.8,-2.2
"Kayo","A3V",1.5302685212969405,1.702,6.432183788358446,0.0,-88.13,-24.09,4.238,"",-88.13,-24.09,4.238
"Kayoyo","G4V",0.870636352362961,0.841,0.5454889849261847,0.0,-31.861,48.122,-22.953,"",-31.861,48.122,-22.953
"Ken","M3V",0.3403914778215197,0.26,0.00896203669709068,0.0,97.325,4.444,20.507,"",97.325,4.444,20.507
"Kenami","G5V",0.9191661188401216,0.9,0.6915901242788246,0.0,-10.8,30.4,-25.2,"",-10.8,30.4,-25.2
"Kengal","G4V",0.8830372246260925,0.856,0.5803074904703275,0.0,4.875,-84.562,-46.508,"",4.875,-84.562,-46.508
"Kenlanken","K3V",0.5771044033817301,0.503,0.09025846590848585,0.0,-2.999,24.778,78.802,"",-2.999,24.778,78.802
"Kiba","A4V",1.7348303368630382,1.991,11.136517660028531,0.0,57.395,76.829,20.688,"",57.395,76.829,20.688
"Kibanyojua","A5V",1.4637290791620294,1.61,5.295299956658472,0.0,1.555,-70.541,-50.903,"",1.555,-70.541,-50.903
"Kibatazi","A2V",1.6689905002169017,1.897,9.402333642782645,0.0,-50.18,-24.346,56.813,"",-50.18,-24.346,56.813
"Kikaash","F4V",1.0956819066830537,1.121,1.4914875897908408,0.0,38.976,10.24,-81.193,"",38.976,10.24,-81.193
"Kikili","B5V",4.204698904863075,6.021,535.5995398507429,0.0,-26.395,-15.496,26.873,"",-26.395,-15.496,26.873
"Kikoyo","M3V",0.247987870311665,0.175,0.00224198741485303,0.0,16.683,-86.461,-17.998,"",16.683,-86.461,-17.998
"Kili","K0V",0.8121635650337861,0.771,0.40242997638774153,0.0,-21.052,-49.658,59.289,"",-21.052,-49.658,59.289
"Kilikili","O4V",17.910688394603852,36.846,303645.05804169335,0.0,38.033,-5.286,13.549,"",38.033,-5.286,13.549
"Kilikito","K5V",0.6733856667011124,0.61,0.1772778281686968,0.0,23.845,20.543,-49.752,"",23.845,20.543,-49.752
"Kilimara","K0V",0.6980018006398236,0.638,0.20743038600547048,0.0,36.673,-48.26,45.839,"",36.673,-48.26,45.839
"Kilinji","M2V",0.30751647364467743,0.229,0.005746774925789744,0.0,33.618,-30.021,-24.126,"",33.618,-30.021,-24.126
"Kilitemzai","M0V",0.47563923999825664,0.395,0.038733775823480886,0.0,63.301,13.15,32.808,"",63.301,13.15,32.808
"Kito","A1IV",1.7075909744887703,1.952,10.391526432800326,0.0,-30.056,-69.602,28.655,"",-30.056,-69.602,28.655
"Kitonjibai","M5V",0.5090667883351854,0.43,0.05213622647516791,0.0,-3.86,-28.025,-95.167,"",-3.86,-28.025,-95.167
"Kitosa","F0V",1.1969705440675213,1.252,2.1959131075921015,0.0,-18.211,16.124,-53.79,"",-18.211,16.124,-53.79
"Kivara","G4IV",1.0239288500120924,1.03,1.1089967833248526,0.0,39.1,0.6,-1.4,"",39.1,0.6,-1.4
"Kiyo","M0V",0.32140475142578334,0.242,0.006971942247226008,0.0,-3.27,8.603,40.419,"",-3.27,8.603,40.419
"Kiyomar","M4V",0.3042893491725375,0.226,0.005487563225124298,0.0,83.602,42.45,14.294,"",83.602,42.45,14.294
"Kosa","G3V",0.941160707034044,0.927,0.7669712232044515,0.0,-32.648,-25.054,-35.467,"",-32.648,-25.054,-35.467
"Koshimi","K2V",0.5807729325389661,0.507,0.09279570116942026,0.0,-11.358,-48.273,16.466,"",-11.358,-48.273,16.466
"Lan","K1V",0.5761863608732515,0.502,0.08963198408028367,0.0,-28.978,86.448,-4.711,"",-28.978,86.448,-4.711
"Lanashnor","A5IV",1.7222717110635528,1.973,10.788095898887128,0.0,43.439,3.223,-58.187,"",43.439,3.223,-58.187
"Lanbra","M1V",0.2999731471932754,0.222,0.005155080014616988,0.0,29.308,-15.896,-62.037,"",29.308,-15.896,-62.037
"Lankaizen","K0V",0.7041217694947028,0.645,0.2155058189634565,0.0,-72.881,41.219,44.11,"",-72.881,41.219,44.11
"Lannorkili","M0V",0.3424845882245451,0.262,0.009205651286210217,0.0,70.326,-54.612,-9.223,"",70.326,-54.612,-9.223
"Lum","A1V",1.4970912289611333,1.656,5.844012868398639,0.0,14.074,-10.419,-48.694,"",14.074,-10.419,-48.694
"Lumsolken","K1V",0.8188982935917838,0.779,0.41723535501164305,0.0,11.179,-53.611,-71.496,"",11.179,-53.611,-71.496
"Lumvallum","O5V",24.843997556238488,55.466,1270849.0412179965,0.0,-6.974,-56.571,-27.977,"",-6.974,-56.571,-27.977
"Makori","G3IV",1.0239288500120924,1.03,1.1089967833248526,0.0,-23.1,17.1,-11.7,"",-23.1,17.1,-11.7
"Mar","G0V",0.9068900072406874,0.885,0.6520808518036674,0.0,12.279,12.04,-0.4,"",12.279,12.04,-0.4
"Maramwazai","M1V",0.22271688545280688,0.153,0.001400941523569109,0.0,-23.965,54.106,41.651,"",-23.965,54.106,41.651
"Marasamara","M1V",0.22155158958883484,0.152,0.001369154814178195,0.0,22.819,40.616,78.643,"",22.819,40.616,78.643
"Marashnor","G0V",0.9101676781203842,0.889,0.6624546660023453,0.0,24.399,-73.068,34.216,"",24.399,-73.068,34.216
"Marayo","M4V",0.34457450544322077,0.264,0.00945395964271593,0.0,-16.015,37.758,-62.732,"",-16.015,37.758,-62.732
"Marbraval","G5V",0.9370974084647079,0.922,0.7525896193344074,0.0,-4.477,-59.394,8.28,"",-4.477,-59.394,8.28
"Mariku","G4V",0.9354708559961983,0.92,0.746891291445067,0.0,3.6,31.8,2.5,"",3.6,31.8,2.5
"Marmarari","K0V",0.7706013367753366,0.722,0.31980127545119197,0.0,-20.266,53.738,78.023,"",-20.266,53.738,78.023
"Marrylansa","M2V",0.3786214021296946,0.297,0.014277348899121946,0.0,0.43,41.194,-89.096,"",0.43,41.194,-89.096
"Martortor","M2V",0.4582189862473309,0.377,0.032899911197800884,0.0,26.696,8.949,2.29,"",26.696,8.949,2.29
"Mikai","K5V",0.7058678872187387,0.647,0.21785372106975917,0.0,-24.583,20.485,5.223,"",-24.583,20.485,5.223
"Mikoyoari","G5V",0.9362842205340803,0.921,0.7497365884488371,0.0,-30.848,-19.912,-46.92,"",-30.848,-19.912,-46.92
"Minor","M4V",0.21570184895042718,0.147,0.0012178973110737877,0.0,-43.95,81.307,-6.416,"",-43.95,81.307,-6.416
"Miraka","K2V",0.6144394896464934,0.544,0.11873975512250441,0.0,10.166,-38.687,-11.871,"",10.166,-38.687,-11.871
"Miru","G3V",0.9052500612255401,0.883,0.6469377034712878,0.0,26.372,-59.191,53.984,"",26.372,-59.191,53.984
"Mita","A3V",1.6017835503056157,1.802,7.854919765071831,0.0,-19.543,-55.159,-8.187,"",-19.543,-55.159,-8.187
"Moja","G2V",0.9126239956423071,0.892,0.6703119939264892,0.0,-12.402,-92.205,29.558,"",-12.402,-92.205,29.558
"Mojatazi","M3V",0.1882510243840726,0.124,0.0006713915918408749,0.0,-46.407,57.882,-22.617,"",-46.407,57.882,-22.617
"Mojazaizen","M4V",0.2923820911721256,0.215,0.004608234910758606,0.0,0.203,30.578,-37.846,"",0.203,30.578,-37.846
"Morazu","G3V",0.959796,0.95,0.835666,0.0,-0.6,-38.9,-1.5,"",-0.6,-38.9,-1.5
"Mwakito","G1V",0.9142606226462919,0.894,0.6755870493574192,0.0,19.519,-62.098,0.29,"",19.519,-62.098,0.29
"Mwamojazai","F0V",1.2961574012614971,1.383,3.1108396833304774,0.0,39.553,-58.129,28.627,"",39.553,-58.129,28.627
"Mwangu","G3V",0.9597958863520393,0.95,0.8356657801380584,0.0,-39.6,-2.6,-0.4,"",-39.6,-2.6,-0.4
"Mwanjiash","G4V",0.9702888253168733,0.963,0.8763790859422969,0.0,8.307,-75.091,-23.306,"",8.307,-75.091,-23.306
"Mwanyori","F3V",1.1446727967877677,1.184,1.8060549440902955,0.0,-6.374,-77.376,-31.738,"",-6.374,-77.376,-31.738
"Mwasafi","G1V",0.9517048507600427,0.94,0.8052810653384567,0.0,1.493,47.522,-56.016,"",1.493,47.522,-56.016
"Mwatazi","F5V",1.2038491466855699,1.261,2.2516599492698064,0.0,43.969,39.098,20.24,"",43.969,39.098,20.24
"Mwazainyo","K0V",0.6892356217519574,0.628,0.1962721831008518,0.0,-55.945,44.077,58.533,"",-55.945,44.077,58.533
"Narami","M1V",0.14438165155365887,0.089,0.00021031246966247386,0.0,58.345,43.988,-32.512,"",58.345,43.988,-32.512
"Nashikimar","A4V",1.3956883860945666,1.517,4.299812646987973,0.0,97.756,-16.668,4.268,"",97.756,-16.668,4.268
"Nji","M2V",0.20862929482285808,0.141,0.001052608552336803,0.0,-8.229,-27.65,-7.293,"",-8.229,-27.65,-7.293
"Njiash","A3V",1.741797532227825,2.001,11.333519866320438,0.0,-66.471,51.865,47.119,"",-66.471,51.865,47.119
"Njika","G2V",0.8970391445072496,0.873,0.6216556039416001,0.0,44.383,25.024,57.346,"",44.383,25.024,57.346
"Njikiba","M4V",0.30751647364467743,0.229,0.005746774925789744,0.0,39.553,-2.356,38.94,"",39.553,-2.356,38.94
"Njira","G0V",0.8507023749047092,0.817,0.4929208603850913,0.0,-13.286,78.267,-26.413,"",-13.286,78.267,-26.413
"Njisa","M0V",0.21217293970619872,0.144,0.0011331012596184258,0.0,63.676,13.712,-32.282,"",63.676,13.712,-32.282
"Nor","M4V",0.3928333144112351,0.311,0.01677495491413182,0.0,23.524,-3.683,-91.491,"",23.524,-3.683,-91.491
"Norashbra","F1V",1.2084294255517916,1.267,2.289381410569334,0.0,11.656,-66.564,-54.374,"",11.656,-66.564,-54.374
"Norlan","F0V",1.1531726251151688,1.195,1.8654674196312389,0.0,-39.4,-28.984,-33.732,"",-39.4,-28.984,-33.732
"Normar","B1V",8.085346411860737,13.634,9357.967096075088,0.0,12.304,22.754,-56.335,"",12.304,22.754,-56.335
"Norsolryra","F5V",1.1167436982732555,1.148,1.6210507379113093,0.0,-93.093,2.363,-7.588,"",-93.093,2.363,-7.588
"Norvalsa","K5V",0.6081061961311874,0.537,0.11347756285990444,0.0,-59.866,53.797,-39.357,"",-59.866,53.797,-39.357
"Nuraki","G4IV",1.0239288500120924,1.03,1.1089967833248526,0.0,-31.1,3.9,2.4,"",-31.1,3.9,2.4
"Nyo","M4V",0.34874487587814545,0.268,0.009964873252661675,0.0,50.633,-30.321,-40.145,"",50.633,-30.321,-40.145
"Nyoji","G3V",0.9597958863520393,0.95,0.8356657801380584,0.0,-2.4,-34.1,-2.6,"",-2.4,-34.1,-2.6
"Nyomarari","M3V",0.46016265272409035,0.379,0.03351484651918744,0.0,52.53,-10.654,38.63,"",52.53,-10.654,38.63
"Nyonjinyo","G2IV",0.9508948029821149,0.939,0.8022866634891523,0.0,-69.749,9.964,22.597,"",-69.749,9.964,22.597
"Nyosafi","M5V",0.2847414340601409,0.208,0.004104135326011893,0.0,-49.93,22.6,15.516,"",-49.93,22.6,15.516
"Nyosanji","K1V",0.6901134891923404,0.629,0.19736823576288628,0.0,84.885,-3.341,-2.735,"",84.885,-3.341,-2.735
"Nyotae","G2IV",1.0239288500120924,1.03,1.1089967833248526,0.0,38.6,2.3,4.5,"",38.6,2.3,4.5
"Nyozaina","A3V",1.541766225400994,1.718,6.646317105071297,0.0,-45.232,41.901,-47.326,"",-45.232,41.901,-47.326
"Orikai","G3V",0.9597958863520393,0.95,0.8356657801380584,0.0,36.2,4.8,2.7,"",36.2,4.8,2.7
"Orimba","G5V",0.9191661188401216,0.9,0.6915901242788246,0.0,-3.1,-39.2,-2.8,"",-3.1,-39.2,-2.8
"Raari","G2IV",1.0239288500120924,1.03,1.1089967833248526,0.0,71.657,-18.615,-15.594,"",71.657,-18.615,-15.594
"Rara","G1V",0.9435965815139469,0.93,0.7756937995160011,0.0,-7.385,85.406,34.768,"",-7.385,85.406,34.768
"Rarisa","A2V",1.5911079364427574,1.787,7.6284434962865975,0.0,17.423,-8.918,-29.17,"",17.423,-8.918,-29.17
"Rasafi","K3V",0.7782764720593665,0.731,0.3339725859682938,0.0,-18.961,66.32,38.813,"",-18.961,66.32,38.813
"Rata","K0V",0.6654257114464204,0.601,0.16829090737044458,0.0,36.541,-56.455,2.826,"",36.541,-56.455,2.826
"Ratako","G0V",0.9395359149086547,0.925,0.7611952413092491,0.0,-50.122,-20.891,-6.084,"",-50.122,-20.891,-6.084
"Ratato","A1V",1.6081803832785284,1.811,7.993087663792832,0.0,56.852,-47.205,20.482,"",56.852,-47.205,20.482
"Rayo","F2V",1.2152917214574148,1.276,2.3468069210977807,0.0,59.59,37.413,-58.859,"",59.59,37.413,-58.859
"Razen","A5V",1.4301757140748745,1.564,4.784412545850717,0.0,-20.468,54.533,64.019,"",-20.468,54.533,64.019
"Rikiri","G0V",0.9305869470764282,0.914,0.7299812162406426,0.0,44.34,35.55,-13.673,"",44.34,35.55,-13.673
"Rizen","G3IV",0.8640044934388155,0.833,0.5275425629376657,0.0,3.427,-16.135,2.528,"",3.427,-16.135,2.528
"Ruhasuki","A2IV",1.7313441159826835,1.986,11.03893953563512,0.0,-52.358,-25.51,-28.217,"",-52.358,-25.51,-28.217
"Rura","M2V",0.32034181660485594,0.241,0.006871628132331615,0.0,46.233,-24.84,10.177,"",46.233,-24.84,10.177
"Rurara","M5V",0.3245883045973466,0.245,0.007279160498733911,0.0,8.29,-48.966,-16.264,"",8.29,-48.966,-16.264
"Ruriyo","M5V",0.2003013326174354,0.134,0.0008807786813276899,0.0,-26.468,-58.327,0.761,"",-26.468,-58.327,0.761
"Rushiyo","F0V",1.2206223706032449,1.283,2.3921769275432596,0.0,-9.479,71.104,-0.107,"",-9.479,71.104,-0.107
"Ruto","B0V",7.248737074178311,11.894,5802.935849958326,0.0,59.581,56.954,-21.481,"",59.581,56.954,-21.481
"Ruyogal","A4V",1.5165868737052057,1.683,6.184354921973978,0.0,-27.428,1.046,-58.902,"",-27.428,1.046,-58.902
"Ryusa","G2V",1.0,1.0,1.0,0.0,32.7,3.6,1.9,"",32.7,3.6,1.9
"Ryvalsol","K4V",0.7551932983030498,0.704,0.29275499044053377,0.0,11.435,20.951,65.438,"",11.435,20.951,65.438
"Ryvalta","A1V",1.6443101640184061,1.862,8.809045805724637,0.0,46.133,27.183,1.534,"",46.133,27.183,1.534
"Ryzenbraka","M3V",0.49957354516528457,0.42,0.04801451168636415,0.0,-3.858,-56.785,41.367,"",-3.858,-56.785,41.367
"Safi","M2V",0.37248980545297194,0.291,0.013293075195515635,0.0,-59.875,30.964,-39.588,"",-59.875,30.964,-39.588
"Safikito","K2V",0.6556644082892013,0.59,0.15775460325515067,0.0,-66.208,-9.111,-40.574,"",-66.208,-9.111,-40.574
"Sahako","K3V",0.6547752210169812,0.589,0.15682075187881067,0.0,-48.996,-36.364,-40.785,"",-48.996,-36.364,-40.785
"Sajua","M4V",0.3372457603303422,0.257,0.008605298340645827,0.0,51.131,51.735,26.312,"",51.131,51.735,26.312
"Sakai","K5V",0.7084850415814244,0.65,0.22140975341264896,0.0,15.439,47.156,52.797,"",15.439,47.156,52.797
"Sakora","G5V",0.8871611621640402,0.861,0.5922581286887033,0.0,-63.255,4.675,-18.003,"",-63.255,4.675,-18.003
"Sakoru","K0V",0.6725023930876738,0.609,0.17626274295439542,0.0,-34.678,41.177,49.469,"",-34.678,41.177,49.469
"Samwanyoko","M5V",0.23083198494515417,0.16,0.0016384000000000001,0.0,-38.756,-18.277,42.917,"",-38.756,-18.277,42.917
"Sashiru","G4V",0.8912803127460307,0.866,0.6043835316024273,0.0,34.652,-11.573,-26.869,"",34.652,-11.573,-26.869
"Sataki","K0V",0.7551932983030498,0.704,0.29275499044053377,0.0,-48.186,37.976,-67.137,"",-48.186,37.976,-67.137
"Satazi","K1V",0.6971264260016264,0.637,0.20629467277769856,0.0,-34.888,-77.755,-52.126,"",-34.888,-77.755,-52.126
"Sayori","G5V",0.9191661188401216,0.9,0.6915901242788246,0.0,-2.7,32.6,-2.1,"",-2.7,32.6,-2.1
"Shi","F5IV",1.1493110152958732,1.19,1.8382914398387402,0.0,26.437,8.87,95.669,"",26.437,8.87,95.669
"Shiha","M5V",0.31501381651525473,0.236,0.006385457378079857,0.0,-11.476,55.589,-11.812,"",-11.476,55.589,-11.812
"Shihato","G1V",0.9297723398060338,0.913,0.7271897042035047,0.0,-42.552,-34.31,-62.243,"",-42.552,-34.31,-62.243
"Shika","F0V",1.0548292501544112,1.069,1.263054144431989,0.0,-83.685,10.121,-29.823,"",-83.685,10.121,-29.823
"Shilan","M1V",0.4297970152245491,0.348,0.024861501481765667,0.0,23.864,-88.809,-15.884,"",23.864,-88.809,-15.884
"Shilum","A5V",1.7515399218051029,2.015,11.613488030688591,0.0,-31.591,24.761,8.864,"",-31.591,24.761,8.864
"Shiruto","F3V",1.1105135987918324,1.14,1.5818561221827472,0.0,-44.377,-14.69,38.292,"",-44.377,-14.69,38.292
"Shirutoyo","M5V",0.47274707845668396,0.392,0.03771388171047137,0.0,-12.182,-35.779,0.26,"",-12.182,-35.779,0.26
"Shishiyo","K3V",0.65121544592668,0.585,0.15312479887919772,0.0,-54.674,39.543,7.667,"",-54.674,39.543,7.667
"Shisuta","F2IV",1.2946576529448623,1.381,3.0951227326729325,0.0,-37.554,-34.221,26.213,"",-37.554,-34.221,26.213
"Solash","F2V",1.2358208912142157,1.303,2.5252562519517943,0.0,13.958,54.135,-75.057,"",13.958,54.135,-75.057
"Solashzen","A5V",1.6563092378221869,1.879,9.093765069610109,0.0,-9.181,-66.339,-13.227,"",-9.181,-66.339,-13.227
"Solgalzen","F5IV",1.1384811842337144,1.176,1.7637037003758333,0.0,76.494,41.725,45.129,"",76.494,41.725,45.129
"Solkiba","B3V",2.798767721011514,3.62,90.25681352018876,0.0,39.708,-18.647,24.376,"",39.708,-18.647,24.376
"Sollan","G3V",0.9379104200179138,0.923,0.7554503967010942,0.0,-91.359,-19.681,6.083,"",-91.359,-19.681,6.083
"Solmar","F0V",1.2668331373857986,1.344,2.8144752928271455,0.0,-18.84,83.417,-8.895,"",-18.84,83.417,-8.895
"Solmarlan","K5V",0.8003440186495884,0.757,0.37742927101148444,0.0,43.811,-3.243,84.228,"",43.811,-3.243,84.228
"Solryari","K0V",0.7258716624432954,0.67,0.24618512557266742,0.0,-14.021,11.728,-90.342,"",-14.021,11.728,-90.342
"Solzen","F4IV",1.1946754815115597,1.249,2.1775519977040845,0.0,52.215,-26.199,-80.088,"",52.215,-26.199,-80.088
"Sorima","G4V",0.9354708559961983,0.92,0.746891291445067,0.0,34.1,-2.7,-3.6,"",34.1,-2.7,-3.6
"Sunor","G4V",0.8756019664854225,0.847,0.5592318993035384,0.0,4.769,84.681,44.621,"",4.769,84.681,44.621
"Surita","A3V",1.612441405787151,1.817,8.086158420285008,0.0,-81.127,45.366,13.016,"",-81.127,45.366,13.016
"Sushi","B1V",5.949594416419494,9.292,2445.58185763301,0.0,58.443,-57.388,-53.171,"",58.443,-57.388,-53.171
"Takoyo","M5V",0.3403914778215197,0.26,0.00896203669709068,0.0,36.239,62.749,-25.823,"",36.239,62.749,-25.823
"Tanataki","A3V",1.6152805238941772,1.821,8.14863397364751,0.0,-47.547,-38.291,72.91,"",-47.547,-38.291,72.91
"Tanori","G2IV",1.0239288500120924,1.03,1.1089967833248526,0.0,1.1,-34.4,2.0,"",1.1,-34.4,2.0
"Tasulum","M2V",0.39081100396757473,0.309,0.016400408969547652,0.0,-79.955,-51.11,5.255,"",-79.955,-51.11,5.255
"Tata","K5V",0.6351355869009492,0.567,0.13725896068649193,0.0,49.414,-32.846,20.743,"",49.414,-32.846,20.743
"Tazi","B4V",4.615452021435156,6.765,805.2621814860031,0.0,29.1,-10.147,-15.922,"",29.1,-10.147,-15.922
"Tazibairi","K3V",0.7867822732167687,0.741,0.3502383739467712,0.0,16.63,-68.017,-24.48,"",16.63,-68.017,-24.48
"Tem","G5V",0.9557525090524335,0.945,0.8203729457662374,0.0,73.617,-20.34,49.328,"",73.617,-20.34,49.328
"Tembea","G5V",0.9191661188401216,0.9,0.6915901242788246,0.0,31.4,-3.4,-2.1,"",31.4,-3.4,-2.1
"Temmwatazi","O5V",22.387302405480728,48.697,805856.521745013,0.0,24.027,-58.231,51.412,"",24.027,-58.231,51.412
"Temnjiki","K5V",0.7569091596625308,0.706,0.2956762582872083,0.0,82.357,47.177,11.184,"",82.357,47.177,11.184
"Tokimi","G1V",0.8846873762150455,0.858,0.5850668713813356,0.0,71.063,24.151,47.077,"",71.063,24.151,47.077
"Tomizen","A0V",1.428712431522845,1.562,4.763033141748061,0.0,23.088,3.381,92.453,"",23.088,3.381,92.453
"Tona","G3V",0.9468419713809845,0.934,0.7874338257265773,0.0,66.477,-12.016,-60.799,"",66.477,-12.016,-60.799
"Tonasa","M2V",0.4435747908311053,0.362,0.02854171050728762,0.0,36.738,-2.93,42.069,"",36.738,-2.93,42.069
"Tor","K0V",0.6892356217519574,0.628,0.1962721831008518,0.0,-25.006,-31.987,61.313,"",-25.006,-31.987,61.313
"Tora","K0V",0.6813221672494781,0.619,0.18660241994292306,0.0,-68.832,3.045,24.53,"",-68.832,3.045,24.53
"Torayo","G2V",1.0,1.0,1.0,0.0,-38.7,-0.9,-1.3,"",-38.7,-0.9,-1.3
"Torbraari","M1V",0.2365849724432134,0.165,0.001824709800921266,0.0,-34.549,69.242,-49.25,"",-34.549,69.242,-49.25
"Torkili","F2V",1.1662780334161884,1.212,1.9600139817539763,0.0,-84.114,25.81,46.803,"",-84.114,25.81,46.803
"Tormarken","F5V",1.135382221102899,1.172,1.7427963467128729,0.0,-22.426,-68.307,-13.98,"",-22.426,-68.307,-13.98
"Tortorjua","K0V",0.632445756844776,0.564,0.1347338946991108,0.0,12.355,-17.791,-61.913,"",12.355,-17.791,-61.913
"Torumi","M4V",0.35704854337287517,0.276,0.011045408624872972,0.0,-28.677,59.807,28.728,"",-28.677,59.807,28.728
"Torzenlan","M1V",0.43669948770108685,0.355,0.026656261222727705,0.0,-26.38,48.447,-79.639,"",-26.38,48.447,-79.639
"Tosanamara","A3V",1.560404465464028,1.744,7.005073268583757,0.0,88.171,-7.023,-3.63,"",88.171,-7.023,-3.63
"Val","M4V",0.22388065903746002,0.154,0.0014332518892913359,0.0,66.547,-50.437,-34.547,"",66.547,-50.437,-34.547
"Valbrasu","K0V",0.6467588718945012,0.58,0.14859287222313186,0.0,-47.797,-56.137,8.401,"",-47.797,-56.137,8.401
"Valeko","G3V",0.9597958863520393,0.95,0.8356657801380584,0.0,39.4,-3.2,-0.8,"",39.4,-3.2,-0.8
"Valesa","G2V",1.0,1.0,1.0,0.0,-3.6,34.3,-1.2,"",-3.6,34.3,-1.2
"Valkai","G4V",0.9077097022283307,0.886,0.6546633471328485,0.0,-19.804,-56.934,70.12,"",-19.804,-56.934,70.12
"Valnji","G0V",0.8855121634540548,0.859,0.5874569868640073,0.0,-19.671,33.997,-53.332,"",-19.671,33.997,-53.332
"Valrytazi","G0IV",0.8756019664854225,0.847,0.5592318993035384,0.0,2.784,76.94,-35.136,"",2.784,76.94,-35.136
"Valtor","M1V",0.350825385682457,0.27,0.010227586813613465,0.0,44.888,-8.922,-11.452,"",44.888,-8.922,-11.452
"Venjoi","G3IV",1.0239288500120924,1.03,1.1089967833248526,0.0,2.372944131515448,38.150000000000034,-0.9410711689997378,"",2.372944131515448,38.150000000000034,-0.9410711689997378
"Wasomi","G3V",0.959796,0.95,0.835666,0.0,-34.2,0.8,1.1,"",-34.2,0.8,1.1
"Yoake","G2V",1.0,1.0,1.0,0.0,20.7,22.9,10.4,"",20.7,22.9,10.4
"Yokosu","B1V",8.04927015388863,13.558,9176.66131724203,0.0,90.417,38.869,-1.645,"",90.417,38.869,-1.645
"Yomisuval","F4V",1.1369319666346396,1.174,1.7532277627697233,0.0,-39.537,-53.439,34.82,"",-39.537,-53.439,34.82
"Zainji","M3V",0.3319865067613792,0.252,0.008033446258743015,0.0,8.849,-85.319,-34.896,"",8.849,-85.319,-34.896
"Zaisa","F2V",1.2282275082034906,1.293,2.458073343193604,0.0,-17.542,54.078,-1.852,"",-17.542,54.078,-1.852
"Zaruki","G3V",0.9597958863520393,0.95,0.8356657801380584,0.0,-22.8,-19.1,-17.6,"",-22.8,-19.1,-17.6
"Zen","O1V",18.12115133139065,37.388,319567.65739651624,0.0,74.335,4.552,-23.054,"",74.335,4.552,-23.054
"Zenash","G2IV",0.8540327511606017,0.821,0.50141930422345,0.0,-13.41,52.527,6.347,"",-13.41,52.527,6.347
"Zenmar","F1IV",1.1877836644105055,1.24,2.1231266321032853,0.0,62.314,-26.257,52.222,"",62.314,-26.257,52.222
"Zenmarzai","K0V",0.6351355869009492,0.567,0.13725896068649193,0.0,-33.754,-80.438,41.512,"",-33.754,-80.438,41.512
"Zenra","A4V",1.6584244628924123,1.882,9.144683243063973,0.0,-84.232,1.903,49.093,"",-84.232,1.903,49.093
"Zentorry","A3V",1.558972737488737,1.742,6.976996857204005,0.0,-3.013,-56.04,-74.31,"",-3.013,-56.04,-74.31
"Aorimo A","G5V",0.9191661188401216,0.9,0.6915901242788246,0.0,-35.4,6.5,-1.2,"Aorimo",-35.4,6.5,-1.2
"Aorimo B","K9V",0.619855061153859,0.55,0.12338700232905413,0.0,-35.4,6.5,-1.2,"Aorimo",-35.4,6.5,-1.2
"Arivalari A","B1V",4.914891378120033,7.318,1060.164891566224,0.0,4.638,-14.589,-92.818,"Arivalari",4.638399,-14.589285,-92.818389
"Arivalari B","M3V",0.39687015704725875,0.315,0.017542316336074944,0.0,4.638,-14.589,-92.818,"Arivalari",4.638399,-14.589285,-92.818389
"Asharimar A","M1V",0.24685356218553758,0.174,0.002197467036029488,0.0,26.438,-5.868,51.663,"Asharimar",26.437541,-5.868411,51.662522
"Asharimar B","G0V",0.9142606226462919,0.894,0.6755870493574192,0.0,26.438,-5.868,51.663,"Asharimar",26.437541,-5.868411,51.662522
"Bai A","F1IV",1.0595629685255725,1.075,1.2880408145929898,0.0,53.146,15.709,-11.469,"Bai",53.146118,15.709494,-11.469196
"Bai B","G2IV",0.9314013761152405,0.915,0.7327803741560466,0.0,53.146,15.709,-11.469,"Bai",53.146118,15.709494,-11.469196
"Bra A","M1V",0.285836067912854,0.209,0.004173611317547474,0.0,51.832,43.518,14.393,"Bra",51.832118,43.517949,14.39288
"Bra B","M0V",0.16102011682842696,0.102,0.0003389226560218835,0.0,51.832,43.518,14.393,"Bra",51.832118,43.517949,14.39288
"Bra C","B5V",5.469816490689039,8.365,1692.8980648345066,0.0,51.832,43.518,14.393,"Bra",51.832118,43.517949,14.39288
"Brakito A","K0V",0.779128094563229,0.732,0.33557437013824515,0.0,-69.926,1.851,-58.636,"Brakito",-69.925582,1.851029,-58.63631
"Brakito B","G4V",0.9751221501043887,0.969,0.8956394605017367,0.0,-69.926,1.851,-58.636,"Brakito",-69.925582,1.851029,-58.63631
"Brakito C","F1IV",1.1245191289235836,1.158,1.671013497414234,0.0,-69.926,1.851,-58.636,"Brakito",-69.925582,1.851029,-58.63631
"Brasol A","K2V",0.683082690195773,0.621,0.1887211614265405,0.0,-56.113,-13.184,-61.783,"Brasol",-56.11326,-13.183765,-61.782756
"Brasol B","M2V",0.24685356218553758,0.174,0.002197467036029488,0.0,-56.113,-13.184,-61.783,"Brasol",-56.11326,-13.183765,-61.782756
"Brasol C","K2V",0.7935703886695915,0.749,0.3636523194596008,0.0,-56.113,-13.184,-61.783,"Brasol",-56.11326,-13.183765,-61.782756
"Brasolzen A","A1V",1.5482242659696825,1.727,6.768979229689925,0.0,25.881,34.467,51.345,"Brasolzen",25.881454,34.466805,51.345454
"Brasolzen B","M1V",0.3847282728133286,0.303,0.01531260923245294,0.0,25.881,34.467,51.345,"Brasolzen",25.881454,34.466805,51.345454
"Brato A","B0V",5.150974228440409,7.76,1301.715344804092,0.0,-43.588,44.595,58.287,"Brato",-43.588444,44.594612,58.286589
"Brato B","M0V",0.39687015704725875,0.315,0.017542316336074944,0.0,-43.588,44.595,58.287,"Brato",-43.588444,44.594612,58.286589
"Brato C","A4V",1.5317069126348737,1.704,6.458677008823608,0.0,-43.588,44.595,58.287,"Brato",-43.588444,44.594612,58.286589
"Galmartem A","G3V",0.9167141910619476,0.897,0.6835551357850267,0.0,15.424,57.963,28.841,"Galmartem",15.423666,57.963367,28.840879
"Galmartem B","K1V",0.7422930212873693,0.689,0.27149840133627184,0.0,15.424,57.963,28.841,"Galmartem",15.423666,57.963367,28.840879
"Galmartem C","K3V",0.7569091596625308,0.706,0.2956762582872083,0.0,15.424,57.963,28.841,"Galmartem",15.423666,57.963367,28.840879
"Haka A","A1V",1.737618052916751,1.995,11.215022522257268,0.0,-30.743,39.638,46.18,"Haka",-30.742859,39.637759,46.180001
"Haka B","M2V",0.39081100396757473,0.309,0.016400408969547652,0.0,-30.743,39.638,46.18,"Haka",-30.742859,39.637759,46.180001
"Haneko A","G4IV",1.0239288500120924,1.03,1.1089967833248526,0.0,-38.4,3.8,1.7,"Haneko",-38.4,3.8,1.7
"Haneko B","M5V",0.2192163827432888,0.15,0.001307131879345003,0.0,-38.4,3.8,1.7,"Haneko",-38.4,3.8,1.7
"Hasu A","F0V",1.1423519255854233,1.181,1.7900890733332626,0.0,-2.4,35.643,-70.008,"Hasu",-2.399764,35.643063,-70.007681
"Hasu B","G1V",0.9387232554229831,0.924,0.7583189331550476,0.0,-2.4,35.643,-70.008,"Hasu",-2.399764,35.643063,-70.007681
"Azura Giant","B1III",7.783137122039471,13.0,7921.396152194385,0.0,0.0,0.0,0.0,"Jannis Prime",0.0,0.0,0.0
"Juajuako A","G3V",0.9273274462596888,0.91,0.7188609179509692,0.0,-66.713,-33.824,-17.841,"Juajuako",-66.713132,-33.824417,-17.84145
"Juajuako B","B3V",4.79686770404633,7.099,953.2133510662178,0.0,-66.713,-33.824,-17.841,"Juajuako",-66.713132,-33.824417,-17.84145
"Juatazinji A","M3V",0.32564775287618036,0.246,0.0073836801402249,0.0,52.135,-6.498,-82.158,"Juatazinji",52.135075,-6.497523,-82.158016
"Juatazinji B","F5V",1.1954406247375462,1.25,2.1836601342771385,0.0,52.135,-6.498,-82.158,"Juatazinji",52.135075,-6.497523,-82.158016
"Kaiarigal A","A1V",1.461546715891658,1.607,5.260845754450536,0.0,-61.614,-20.904,68.863,"Kaiarigal",-61.613762,-20.903841,68.863049
"Kaiarigal B","M1V",0.30751647364467743,0.229,0.005746774925789744,0.0,-61.614,-20.904,68.863,"Kaiarigal",-61.613762,-20.903841,68.863049
"Kaiarigal C","F1V",1.1839505567213247,1.235,2.0933138726830416,0.0,-61.614,-20.904,68.863,"Kaiarigal",-61.613762,-20.903841,68.863049
"Kaikenri A","M0V",0.4059158485066268,0.324,0.019360097303011706,0.0,49.527,-80.174,4.416,"Kaikenri",49.526533,-80.173568,4.416218
"Kaikenri B","F2V",1.2305067523812385,1.296,2.4780924547854983,0.0,49.527,-80.174,4.416,"Kaikenri",49.526533,-80.173568,4.416218
"Kairyzen A","K0V",0.6369272253310566,0.569,0.13896100052310098,0.0,-57.537,54.457,-9.805,"Kairyzen",-57.536519,54.457443,-9.804706
"Kairyzen B","K0V",0.6971264260016264,0.637,0.20629467277769856,0.0,-57.537,54.457,-9.805,"Kairyzen",-57.536519,54.457443,-9.804706
"Kaizengal A","M5V",0.437683322320025,0.356,0.026919996116796654,0.0,-53.191,-27.379,59.772,"Kaizengal",-53.190684,-27.378626,59.771589
"Kaizengal B","K3V",0.631548511494104,0.563,0.1338996315527571,0.0,-53.191,-27.379,59.772,"Kaizengal",-53.190684,-27.378626,59.771589
"Kazemi A","G2IV",1.0239288500120924,1.03,1.1089967833248526,0.0,35.3,-6.8,-0.9,"Kazemi",35.3,-6.8,-0.9
"Kazemi B","K7V",0.682202570700349,0.62,0.1876596548597487,0.0,35.3,-6.8,-0.9,"Kazemi",35.3,-6.8,-0.9
"Kenkito A","M5V",0.3224668081483328,0.243,0.007073298035499402,0.0,90.203,-34.738,18.286,"Kenkito",90.203039,-34.737928,18.286045
"Kenkito B","M5V",0.34352994415758203,0.263,0.009329215382863224,0.0,90.203,-34.738,18.286,"Kenkito",90.203039,-34.737928,18.286045
"Kenkito C","F3V",1.0807998496831313,1.102,1.404868195787126,0.0,90.203,-34.738,18.286,"Kenkito",90.203039,-34.737928,18.286045
"Kenmwa A","M3V",0.38065974353015963,0.299,0.014616694135238379,0.0,15.567,8.279,48.439,"Kenmwa",15.567393,8.278541,48.439047
"Kenmwa B","G0V",0.9052500612255401,0.883,0.6469377034712878,0.0,15.567,8.279,48.439,"Kenmwa",15.567393,8.278541,48.439047
"Kenry A","F0IV",1.239613208623895,1.308,2.559334811891411,0.0,5.707,-70.875,-38.753,"Kenry",5.706636,-70.874544,-38.753444
"Kenry B","K5V",0.6547752210169812,0.589,0.15682075187881067,0.0,5.707,-70.875,-38.753,"Kenry",5.706636,-70.874544,-38.753444
"Kenry C","M3V",0.39989106080241477,0.318,0.01813405463875662,0.0,5.707,-70.875,-38.753,"Kenry",5.706636,-70.874544,-38.753444
"Kibato A","F5IV",1.2023214192266591,1.259,2.239185408297672,0.0,-27.944,44.134,76.532,"Kibato",-27.943746,44.133596,76.531998
"Kibato B","G1V",0.9646423262287432,0.956,0.8542846894298264,0.0,-27.944,44.134,76.532,"Kibato",-27.943746,44.133596,76.531998
"Kibato C","G2V",0.9694826864806703,0.962,0.8731980398418282,0.0,-27.944,44.134,76.532,"Kibato",-27.943746,44.133596,76.531998
"Kijana A","G3V",0.9597958863520393,0.95,0.8356657801380584,0.0,0.5,-41.6,1.1,"Kijana",0.5,-41.6,1.1
"Kijana B","K8V",0.6467588718945012,0.58,0.14859287222313186,0.0,0.5,-41.6,1.1,"Kijana",0.5,-41.6,1.1
"Kilijua A","K1V",0.6565532941929306,0.591,0.15869242002369496,0.0,62.024,46.823,-33.905,"Kilijua",62.023717,46.823415,-33.904513
"Kilijua B","F1V",1.2350620787723945,1.302,2.518479643169557,0.0,62.024,46.823,-33.905,"Kilijua",62.023717,46.823415,-33.904513
"Kilijua C","K1V",0.6565532941929306,0.591,0.15869242002369496,0.0,62.024,46.823,-33.905,"Kilijua",62.023717,46.823415,-33.904513
"Kirasusol A","A1V",1.6598342382778497,1.884,9.178741617564693,0.0,10.32,-76.996,-8.268,"Kirasusol",10.320091,-76.996055,-8.267746
"Kirasusol B","M0V",0.35808309225714174,0.277,0.011186112730849422,0.0,10.32,-76.996,-8.268,"Kirasusol",10.320091,-76.996055,-8.267746
"Kiruka A","M0V",0.2792523460115973,0.203,0.003769086744178594,0.0,-81.387,-17.718,-26.798,"Kiruka",-81.387194,-17.717696,-26.79764
"Kiruka B","K1V",0.664539805948974,0.6,0.1673128805561604,0.0,-81.387,-17.718,-26.798,"Kiruka",-81.387194,-17.717696,-26.79764
"Kitotazi A","G1IV",0.9606040504764358,0.951,0.8387486019455163,0.0,-46.693,15.251,44.286,"Kitotazi",-46.693211,15.251468,44.28601
"Kitotazi B","K4V",0.594478842104684,0.522,0.10276536296774329,0.0,-46.693,15.251,44.286,"Kitotazi",-46.693211,15.251468,44.28601
"Koruna A","B1V",5.047694583683407,7.566,1191.33027719397,0.0,-84.459,8.52,-21.01,"Koruna",-84.458649,8.520274,-21.010016
"Koruna B","F5V",1.2206223706032449,1.283,2.3921769275432596,0.0,-84.459,8.52,-21.01,"Koruna",-84.458649,8.520274,-21.010016
"Koruna C","K2V",0.6866003395663236,0.625,0.19301011109426144,0.0,-84.459,8.52,-21.01,"Koruna",-84.458649,8.520274,-21.010016
"Kosari A","G0V",0.8722923419014641,0.843,0.5500428341964337,0.0,-13.764,15.365,-84.79,"Kosari",-13.763527,15.365382,-84.789854
"Kosari B","M4V",0.25364015159477993,0.18,0.0024743080487279667,0.0,-13.764,15.365,-84.79,"Kosari",-13.763527,15.365382,-84.789854
"Kota A","F3V",1.180881835697394,1.231,2.069679915666708,0.0,76.137,47.458,2.927,"Kota",76.136695,47.457714,2.927429
"Kota B","F3V",1.2015573735092913,1.258,2.2329666863801947,0.0,76.137,47.458,2.927,"Kota",76.136695,47.457714,2.927429
"Koto A","G3V",1.0231334882263006,1.029,1.105232918777821,0.0,-70.695,5.701,40.729,"Koto",-70.695045,5.700884,40.728915
"Koto B","K5V",0.6458666367786096,0.579,0.14769812193448179,0.0,-70.695,5.701,40.729,"Koto",-70.695045,5.700884,40.728915
"Lanariari A","O3V",17.06842644369448,34.693,245949.8128353128,0.0,-51.456,46.847,-58.267,"Lanariari",-51.456244,46.846753,-58.26701
"Lanariari B","F2V",1.0933354828926123,1.118,1.4775640381098176,0.0,-51.456,46.847,-58.267,"Lanariari",-51.456244,46.846753,-58.26701
"Lanry A","F2V",1.1284018039559234,1.163,1.6964028817781438,0.0,30.806,-32.576,74.54,"Lanry",30.805589,-32.575793,74.540317
"Lanry B","M2V",0.18703551901867466,0.123,0.0006526312871581832,0.0,30.806,-32.576,74.54,"Lanry",30.805589,-32.575793,74.540317
"Lanry C","M3V",0.24458102319913783,0.172,0.002110326070629154,0.0,30.806,-32.576,74.54,"Lanry",30.805589,-32.575793,74.540317
"Lanzenkiba A","F5V",1.2069031489291568,1.265,2.2767578324032196,0.0,-52.561,55.096,16.277,"Lanzenkiba",-52.560855,55.095683,16.276759
"Lanzenkiba B","M1V",0.2603816383936395,0.186,0.002775206504708595,0.0,-52.561,55.096,16.277,"Lanzenkiba",-52.560855,55.095683,16.276759
"Lumkainor A","M3V",0.3182132951312984,0.239,0.006674099136170519,0.0,-31.259,13.553,-2.407,"Lumkainor",-31.258564,13.552903,-2.407037
"Lumkainor B","M5V",0.3182132951312984,0.239,0.006674099136170519,0.0,-31.259,13.553,-2.407,"Lumkainor",-31.258564,13.552903,-2.407037
"Lumken A","F2V",1.2464320853347117,1.317,2.621502114590713,0.0,9.654,-86.062,5.617,"Lumken",9.654018,-86.06233,5.617409
"Lumken B","K4V",0.6171487604826705,0.547,0.12104744921739792,0.0,9.654,-86.062,5.617,"Lumken",9.654018,-86.06233,5.617409
"Lumken C","M1V",0.30321174128098966,0.225,0.005403047845928317,0.0,9.654,-86.062,5.617,"Lumken",9.654018,-86.06233,5.617409
"Lumlankai A","M2V",0.4109194691166302,0.329,0.020426108892676074,0.0,59.395,40.669,12.9,"Lumlankai",59.395389,40.669485,12.89979
"Lumlankai B","G2V",0.9101676781203842,0.889,0.6624546660023453,0.0,59.395,40.669,12.9,"Lumlankai",59.395389,40.669485,12.89979
"Lumlumto A","F5V",1.189316041455524,1.242,2.135136207969726,0.0,-21.621,-85.527,-35.302,"Lumlumto",-21.621495,-85.527111,-35.302125
"Lumlumto B","O5V",22.085948590800815,47.879,759464.9735925087,0.0,-21.621,-85.527,-35.302,"Lumlumto",-21.621495,-85.527111,-35.302125
"Manori A","G4IV",1.0239288500120924,1.03,1.1089967833248526,0.0,3.4,-38.4,0.9,"Manori",3.4,-38.4,0.9
"Manori B","M3V",0.4317719603808523,0.35,0.025365192070039597,0.0,3.4,-38.4,0.9,"Manori",3.4,-38.4,0.9
"Mara A","O3V",13.278262556112548,25.347,81986.61895343839,0.0,67.439,71.109,7.819,"Mara",67.439014,71.109428,7.819396
"Mara B","K2V",0.7345259273664232,0.68,0.2592872696148425,0.0,67.439,71.109,7.819,"Mara",67.439014,71.109428,7.819396
"Marabai A","F2V",1.2061398296649835,1.264,2.2704647246064162,0.0,3.336,-46.808,-46.511,"Marabai",3.33571,-46.80836,-46.511117
"Marabai B","G4V",0.9492741895478378,0.937,0.7963217322120074,0.0,3.336,-46.808,-46.511,"Marabai",3.33571,-46.80836,-46.511117
"Marabai C","G2V",0.8921035713520805,0.867,0.6068297180308573,0.0,3.336,-46.808,-46.511,"Marabai",3.33571,-46.80836,-46.511117
"Marasafi A","K0V",0.5725105237847135,0.498,0.08715708559739835,0.0,34.532,66.499,43.246,"Marasafi",34.532266,66.498856,43.246362
"Marasafi B","B5V",4.163306176457323,5.947,512.9119112870068,0.0,34.532,66.499,43.246,"Marasafi",34.532266,66.498856,43.246362
"Marsol A","F4V",1.2305067523812385,1.296,2.4780924547854983,0.0,-85.862,10.49,-47.068,"Marsol",-85.862389,10.489733,-47.068408
"Marsol B","G5IV",0.9614120446577591,0.952,0.8418395385723675,0.0,-85.862,10.49,-47.068,"Marsol",-85.862389,10.489733,-47.068408
"Mikono A","G5V",0.9191661188401216,0.9,0.6915901242788246,0.0,34.7,6.9,1.2,"Mikono",34.7,6.9,1.2
"Mikono B","M3V",0.4317719603808523,0.35,0.025365192070039597,0.0,34.7,6.9,1.2,"Mikono",34.7,6.9,1.2
"Mina A","A3V",1.7557110836710492,2.021,11.734973070226747,0.0,6.793,-83.397,27.515,"Mina",6.792821,-83.396808,27.5148
"Mina B","G4V",0.902788748321006,0.88,0.6392774017356785,0.0,6.793,-83.397,27.515,"Mina",6.792821,-83.396808,27.5148
"Mina C","K4V",0.8298128299267504,0.792,0.442117937715022,0.0,6.793,-83.397,27.515,"Mina",6.792821,-83.396808,27.5148
"Miyoyoko A","K5V",0.6689663916843442,0.605,0.17224388450302291,0.0,-50.548,12.321,28.866,"Miyoyoko",-50.548269,12.321294,28.865626
"Miyoyoko B","G4V",1.0079920318251185,1.01,1.0354396902316474,0.0,-50.548,12.321,28.866,"Miyoyoko",-50.548269,12.321294,28.865626
"Mwa A","M4V",0.30213317508644066,0.224,0.00531946632800677,0.0,33.821,-41.331,-29.649,"Mwa",33.821079,-41.331372,-29.649385
"Mwa B","K2V",0.6636536051003222,0.599,0.16633892037509573,0.0,33.821,-41.331,-29.649,"Mwa",33.821079,-41.331372,-29.649385
"Mwa C","K4V",0.6716188293530192,0.608,0.17525181621480895,0.0,33.821,-41.331,-29.649,"Mwa",33.821079,-41.331372,-29.649385
"Naruki A","G1V",0.9370974084647079,0.922,0.7525896193344074,0.0,47.458,26.65,-70.112,"Naruki",47.458021,26.650011,-70.111753
"Naruki B","A0V",1.381686297742874,1.498,4.114256337345607,0.0,47.458,26.65,-70.112,"Naruki",47.458021,26.650011,-70.111753
"Nasami A","M5V",0.28911371132968083,0.212,0.0043870795884152144,0.0,-42.466,-56.351,20.848,"Nasami",-42.465754,-56.350935,20.847545
"Nasami B","K4V",0.7483200674134481,0.696,0.28127578061177444,0.0,-42.466,-56.351,20.848,"Nasami",-42.465754,-56.350935,20.847545
"Njitemkili A","K3V",0.700626280397939,0.641,0.21086432175034175,0.0,15.861,86.259,20.042,"Njitemkili",15.861335,86.25861,20.041863
"Njitemkili B","K2V",0.6927454191162853,0.632,0.2006826254017555,0.0,15.861,86.259,20.042,"Njitemkili",15.861335,86.25861,20.041863
"Norkai A","K3V",0.6936221733907327,0.633,0.20179620057155437,0.0,36.348,-38.017,-27.529,"Norkai",36.34797,-38.017309,-27.528589
"Norkai B","G2V",0.9314013761152405,0.915,0.7327803741560466,0.0,36.348,-38.017,-27.529,"Norkai",36.34797,-38.017309,-27.528589
"Nyozaishi A","K4V",0.7241377195186454,0.668,0.2436226251782661,0.0,66.3,-59.679,6.681,"Nyozaishi",66.299972,-59.678885,6.680629
"Nyozaishi B","G0V",0.9126239956423071,0.892,0.6703119939264892,0.0,66.3,-59.679,6.681,"Nyozaishi",66.299972,-59.678885,6.680629
"Nyozaishi C","G0V",0.9207998291353121,0.902,0.6969841169472837,0.0,66.3,-59.679,6.681,"Nyozaishi",66.299972,-59.678885,6.680629
"Raruha A","M0V",0.2203847594194661,0.151,0.001337886635649131,0.0,-59.916,43.101,60.925,"Raruha",-59.916164,43.101186,60.925404
"Raruha B","M5V",0.32882094844499565,0.249,0.007703670781797094,0.0,-59.916,43.101,60.925,"Raruha",-59.916164,43.101186,60.925404
"Rika A","M3V",0.2133508619568368,0.145,0.0011608818142432177,0.0,52.196,9.605,-27.811,"Rika",52.195584,9.604655,-27.810669
"Rika B","M2V",0.38269535985334413,0.301,0.01496176174275249,0.0,52.196,9.605,-27.811,"Rika",52.195584,9.604655,-27.810669
"Rishi A","M2V",0.29129365085026754,0.214,0.0045336522692994334,0.0,35.679,71.722,1.169,"Rishi",35.67866,71.721614,1.168546
"Rishi B","K2V",0.6467588718945012,0.58,0.14859287222313186,0.0,35.679,71.722,1.169,"Rishi",35.67866,71.721614,1.168546
"Rishi C","K2V",0.7076129257581476,0.649,0.2202198379893868,0.0,35.679,71.722,1.169,"Rishi",35.67866,71.721614,1.168546
"Ruki A","M1V",0.39485302546480744,0.313,0.017155571153063293,0.0,-15.89,-28.36,87.104,"Ruki",-15.890288,-28.35976,87.103903
"Ruki B","G2V",0.9305869470764282,0.914,0.7299812162406426,0.0,-15.89,-28.36,87.104,"Ruki",-15.890288,-28.35976,87.103903
"Rumiri A","K0V",0.632445756844776,0.564,0.1347338946991108,0.0,-26.252,19.536,-51.806,"Rumiri",-26.252338,19.535782,-51.806266
"Rumiri B","G5V",0.8962170213042783,0.872,0.6191668513655235,0.0,-26.252,19.536,-51.806,"Rumiri",-26.252338,19.535782,-51.806266
"Rymarlan A","M2V",0.49003498354948033,0.41,0.04413097255681093,0.0,28.54,-14.858,-39.837,"Rymarlan",28.540336,-14.858302,-39.837074
"Rymarlan B","M1V",0.4386666043773142,0.357,0.027185589599444886,0.0,28.54,-14.858,-39.837,"Rymarlan",28.540336,-14.858302,-39.837074
"Rymarlan C","K4V",0.6297530637297819,0.561,0.1322421844061431,0.0,28.54,-14.858,-39.837,"Rymarlan",28.540336,-14.858302,-39.837074
"Ryutai A","G4IV",1.0239288500120924,1.03,1.1089967833248526,0.0,3.7,38.6,1.6,"Ryutai",2.9575973679381615,38.699999999999996,0.8656859927298903
"Ryutai B","K7V",0.682202570700349,0.62,0.1876596548597487,0.0,3.7,38.6,1.6,"Ryutai",2.9575973679381615,38.699999999999996,0.8656859927298903
"Sabaki A","G2V",1.0,1.0,1.0,0.0,2.7,-35.7,2.9,"Sabaki",2.7,-35.7,2.9
"Sabaki B","M1V",0.565141062813108,0.49,0.08235429999999999,0.0,2.7,-35.7,2.9,"Sabaki",2.7,-35.7,2.9
"Sabari A","G3V",0.9597958863520393,0.95,0.8356657801380584,0.0,-35.9,4.1,2.8,"Sabari",-35.9,4.1,2.8
"Sabari B","M2V",0.4804497735925725,0.4,0.04047715405015526,0.0,-35.9,4.1,2.8,"Sabari",-35.9,4.1,2.8
"Safijuanji A","M4V",0.3053660038472012,0.227,0.005573018698238667,0.0,-15.815,36.665,64.283,"Safijuanji",-15.814508,36.665249,64.283336
"Safijuanji B","M5V",0.4268303337513007,0.345,0.024119418480935965,0.0,-15.815,36.665,64.283,"Safijuanji",-15.814508,36.665249,64.283336
"Safimara A","G2V",0.921616412541201,0.903,0.6996923507480649,0.0,16.114,-85.185,-45.067,"Safimara",16.113949,-85.184757,-45.066853
"Safimara B","G5V",0.9150786614848476,0.895,0.6782356653157641,0.0,16.114,-85.185,-45.067,"Safimara",16.113949,-85.184757,-45.066853
"Safimara C","G3V",0.8473687359589979,0.813,0.48452580255585015,0.0,16.114,-85.185,-45.067,"Safimara",16.113949,-85.184757,-45.066853
"Safimarasu A","M2V",0.38065974353015963,0.299,0.014616694135238379,0.0,-39.248,-7.605,87.007,"Safimarasu",-39.247714,-7.604822,87.00677
"Safimarasu B","K5V",0.6689663916843442,0.605,0.17224388450302291,0.0,-39.248,-7.605,87.007,"Safimarasu",-39.247714,-7.604822,87.00677
"Safiry A","G2V",0.9710947967480317,0.964,0.8795684009384467,0.0,-22.194,-5.03,91.497,"Safiry",-22.194012,-5.030201,91.496965
"Safiry B","M2V",0.3277640706372536,0.248,0.007595928758757014,0.0,-22.194,-5.03,91.497,"Safiry",-22.194012,-5.030201,91.496965
"Sakili A","G5V",0.8797346054406333,0.852,0.5708717888041025,0.0,29.086,40.219,-85.921,"Sakili",29.086079,40.218762,-85.920682
"Sakili B","G4IV",0.9322156271561917,0.916,0.7355871905010872,0.0,29.086,40.219,-85.921,"Sakili",29.086079,40.218762,-85.920682
"Samoja A","G0IV",0.9419728401285274,0.928,0.7698709222055355,0.0,-30.46,57.906,5.094,"Samoja",-30.459753,57.90623,5.093872
"Samoja B","M0V",0.35186448388233854,0.271,0.010360781575368136,0.0,-30.46,57.906,5.094,"Samoja",-30.459753,57.90623,5.093872
"Samoja C","M0V",0.36014995315102405,0.279,0.011471354776218703,0.0,-30.46,57.906,5.094,"Samoja",-30.459753,57.90623,5.093872
"Sasafi A","G4V",0.9895864091891057,0.987,0.955234576882334,0.0,22.583,53.497,-60.31,"Sasafi",22.583417,53.496773,-60.310154
"Sasafi B","G2IV",0.9831644201784441,0.979,0.9284091698531638,0.0,22.583,53.497,-60.31,"Sasafi",22.583417,53.496773,-60.310154
"Shihakito A","G0V",0.9638350096827337,0.955,0.8511611654305339,0.0,52.379,9.843,13.745,"Shihakito",52.378842,9.843358,13.744777
"Shihakito B","F1V",1.1539445589445245,1.196,1.8709368493105125,0.0,52.379,9.843,13.745,"Shihakito",52.378842,9.843358,13.744777
"Shirakiari A","F4V",1.1693563004271086,1.216,1.9827479625719995,0.0,32.24,-22.467,1.775,"Shirakiari",32.239611,-22.467173,1.774656
"Shirakiari B","A0V",1.5144237971947048,1.68,6.145857495854611,0.0,32.24,-22.467,1.775,"Shirakiari",32.239611,-22.467173,1.774656
"Shirakiari C","K1V",0.683082690195773,0.621,0.1887211614265405,0.0,32.24,-22.467,1.775,"Shirakiari",32.239611,-22.467173,1.774656
"Shitakijua A","F2V",1.0745184021513872,1.094,1.369495554991301,0.0,-75.532,62.737,-5.633,"Shitakijua",-75.531944,62.736703,-5.633195
"Shitakijua B","M1V",0.35808309225714174,0.277,0.011186112730849422,0.0,-75.532,62.737,-5.633,"Shitakijua",-75.531944,62.736703,-5.633195
"Shitakijua C","A5V",1.556824528897579,1.739,6.935033080276589,0.0,-75.532,62.737,-5.633,"Shitakijua",-75.531944,62.736703,-5.633195
"Shiyoha A","M2V",0.3456182756921443,0.265,0.009579890803123261,0.0,49.628,38.816,75.918,"Shiyoha",49.628253,38.815649,75.917869
"Shiyoha B","K1V",0.7577667256788807,0.707,0.2971446725553502,0.0,49.628,38.816,75.918,"Shiyoha",49.628253,38.815649,75.917869
"Shiyoha C","K3V",0.6485424199182969,0.582,0.15039397781714875,0.0,49.628,38.816,75.918,"Shiyoha",49.628253,38.815649,75.917869
"Sol A","G4V",0.8970391445072496,0.873,0.6216556039416001,0.0,-17.541,28.961,46.098,"Sol",-17.540522,28.960719,46.097799
"Sol B","O4V",17.978321046171438,37.02,308693.47554580367,0.0,-17.541,28.961,46.098,"Sol",-17.540522,28.960719,46.097799
"Subra A","G3V",0.9581790474147779,0.948,0.829524429803923,0.0,-55.483,-17.962,-12.645,"Subra",-55.483252,-17.961746,-12.645116
"Subra B","M0V",0.3224668081483328,0.243,0.007073298035499402,0.0,-55.483,-17.962,-12.645,"Subra",-55.483252,-17.961746,-12.645116
"Suki A","M4V",0.3372457603303422,0.257,0.008605298340645827,0.0,50.32,-28.17,78.851,"Suki",50.320438,-28.170362,78.850928
"Suki B","A1V",1.5939565132363729,1.791,7.688374869153838,0.0,50.32,-28.17,78.851,"Suki",50.320438,-28.170362,78.850928
"Sumara A","K0V",0.7250048205731693,0.669,0.24490148141323412,0.0,18.077,80.858,-2.117,"Sumara",18.07709,80.857798,-2.116668
"Sumara B","G4V",0.9719006009825119,0.965,0.8827659977135192,0.0,18.077,80.858,-2.117,"Sumara",18.07709,80.857798,-2.116668
"Sumara C","K3V",0.8180572117233988,0.778,0.41536374784896557,0.0,18.077,80.858,-2.117,"Sumara",18.07709,80.857798,-2.116668
"Sushiraka A","A2V",1.6088907495301916,1.812,8.008546041371588,0.0,80.175,-15.628,-30.441,"Sushiraka",80.175411,-15.627552,-30.441006
"Sushiraka B","G1V",0.9670632634509703,0.959,0.863704386182422,0.0,80.175,-15.628,-30.441,"Sushiraka",80.175411,-15.627552,-30.441006
"Susuki A","G2IV",0.9799494930130386,0.975,0.9152003023927362,0.0,-29.739,-69.161,8.778,"Susuki",-29.739168,-69.160974,8.777698000000001
"Susuki B","M2V",0.39586191245591607,0.314,0.0173481739536125,0.0,-29.739,-69.161,8.778,"Susuki",-29.739168,-69.160974,8.777698000000001
"Suta A","M1V",0.38065974353015963,0.299,0.014616694135238379,0.0,-13.111,53.168,83.226,"Suta",-13.110814,53.167815,83.22572
"Suta B","A4V",1.6393630083575719,1.855,8.69368096771111,0.0,-13.111,53.168,83.226,"Suta",-13.110814,53.167815,83.22572
"Takina A","G0V",0.9183489914678304,0.899,0.688904340494381,0.0,-47.159,-53.695,67.054,"Takina",-47.158862,-53.694728,67.053886
"Takina B","K5V",0.5953897463873588,0.523,0.10345605433809174,0.0,-47.159,-53.695,67.054,"Takina",-47.158862,-53.694728,67.053886
"Tazisanyo A","M2V",0.37964091483421103,0.298,0.014446309807686328,0.0,33.103,-71.633,55.513,"Tazisanyo",33.103254,-71.633025,55.513038
"Tazisanyo B","G2IV",0.9362842205340803,0.921,0.7497365884488371,0.0,33.103,-71.633,55.513,"Tazisanyo",33.103254,-71.633025,55.513038
"Tazisanyo C","F5V",1.1778111197267003,1.227,2.0462371707637956,0.0,33.103,-71.633,55.513,"Tazisanyo",33.103254,-71.633025,55.513038
"Tazizai A","A2V",1.58897066696794,1.784,7.583714502657543,0.0,-72.522,51.094,10.169,"Tazizai",-72.522218,51.0938,10.168964
"Tazizai B","K5V",0.5771044033817301,0.503,0.09025846590848585,0.0,-72.522,51.094,10.169,"Tazizai",-72.522218,51.0938,10.168964
"Temsasa A","M0V",0.25813937749009347,0.184,0.002672159519158043,0.0,2.553,-79.296,4.22,"Temsasa",2.552732,-79.296096,4.219613
"Temsasa B","F5V",1.1315055404622432,1.167,1.716911842297533,0.0,2.553,-79.296,4.22,"Temsasa",2.552732,-79.296096,4.219613
"Toha A","K5V",0.7414310174339944,0.688,0.2701217370405317,0.0,-22.597,91.12,-31.229,"Toha",-22.597375,91.120493,-31.228702
"Toha B","A2V",1.478982954893048,1.631,5.541009103044072,0.0,-22.597,91.12,-31.229,"Toha",-22.597375,91.120493,-31.228702
"Torashry A","F0V",1.241887207071929,1.311,2.579938900652501,0.0,76.349,-16.681,49.287,"Torashry",76.349109,-16.680841,49.287158
"Torashry B","M2V",0.4258402950351037,0.344,0.023875614000906174,0.0,76.349,-16.681,49.287,"Torashry",76.349109,-16.680841,49.287158
"Torgalshi A","K0V",0.6654257114464204,0.601,0.16829090737044458,0.0,-69.015,-61.294,7.251,"Torgalshi",-69.014769,-61.294278,7.251081
"Torgalshi B","G3V",0.9101676781203842,0.889,0.6624546660023453,0.0,-69.015,-61.294,7.251,"Torgalshi",-69.014769,-61.294278,7.251081
"Toshi A","G2V",0.9500845826516376,0.938,0.7993002233520032,0.0,58.157,8.661,-30.928,"Toshi",58.157136,8.661473,-30.928174
"Toshi B","K2V",0.7276045704853998,0.672,0.2487668206300086,0.0,58.157,8.661,-30.928,"Toshi",58.157136,8.661473,-30.928174
"Totahazai A","M1V",0.3765803136159549,0.295,0.013943668715638805,0.0,39.621,-87.377,-6.594,"Totahazai",39.621345,-87.376888,-6.594126
"Totahazai B","A2V",1.5532425331180755,1.734,6.8654945383222366,0.0,39.621,-87.377,-6.594,"Totahazai",39.621345,-87.376888,-6.594126
"Totahazai C","M5V",0.42088142437743414,0.339,0.022682919092877243,0.0,39.621,-87.377,-6.594,"Totahazai",39.621345,-87.376888,-6.594126
"Upendo A","G3V",0.9597958863520393,0.95,0.8356657801380584,0.0,2.1,35.9,2.7,"Upendo",2.1,35.9,2.7
"Upendo B","M4V",0.28692965476569965,0.21,0.004243923351098603,0.0,2.1,35.9,2.7,"Upendo",2.1,35.9,2.7
"Valsol A","F1V",1.1159654118554787,1.147,1.6161138890539535,0.0,20.677,42.548,-48.959,"Valsol",20.677017,42.547579,-48.959478
"Valsol B","F2V",1.0925530619181791,1.117,1.47294355988141,0.0,20.677,42.548,-48.959,"Valsol",20.677017,42.547579,-48.959478
"Yohasu A","F3V",1.239613208623895,1.308,2.559334811891411,0.0,8.897,-13.24,45.437,"Yohasu",8.897264,-13.240213,45.436913
"Yohasu B","A5IV",1.5882580841182508,1.783,7.568846560944088,0.0,8.897,-13.24,45.437,"Yohasu",8.897264,-13.240213,45.436913
"Yohaval A","F4V",1.2426449751925843,1.312,2.5868331791209456,0.0,34.429,-80.972,46.756,"Yohaval",34.429493,-80.97173,46.755692
"Yohaval B","G1V",0.8846873762150455,0.858,0.5850668713813356,0.0,34.429,-80.972,46.756,"Yohaval",34.429493,-80.97173,46.755692
"Yota A","O0V",19.657339356257474,41.391,456216.2144557511,0.0,-22.532,-75.88,-44.408,"Yota",-22.531922,-75.880251,-44.407969
"Yota B","G0V",0.9759271214644056,0.97,0.8988786596538656,0.0,-22.532,-75.88,-44.408,"Yota",-22.531922,-75.880251,-44.407969
"Yota C","B4V",5.334431447608238,8.107,1517.0874145933137,0.0,-22.532,-75.88,-44.408,"Yota",-22.531922,-75.880251,-44.407969
"Yoyoha A","B4V",5.385431687301416,8.204,1581.5749616973183,0.0,-86.257,28.223,24.644,"Yoyoha",-86.25702,28.222583,24.644293
"Yoyoha B","K1V",0.8197391595489589,0.78,0.4191129782637613,0.0,-86.257,28.223,24.644,"Yoyoha",-86.25702,28.222583,24.644293
"Zai A","M4V",0.29889167506966313,0.221,0.005074262823159433,0.0,20.887,-28.875,-48.534,"Zai",20.887059,-28.874974,-48.533871
"Zai B","M5V",0.4919463841632129,0.412,0.0448890336397667,0.0,20.887,-28.875,-48.534,"Zai",20.887059,-28.874974,-48.533871
"Zai C","K2V",0.7319323371681518,0.677,0.2553055996814535,0.0,20.887,-28.875,-48.534,"Zai",20.887059,-28.874974,-48.533871
"Zaibai A","F4V",1.1307298060785598,1.166,1.7117680911192061,0.0,11.128,63.18,-12.235,"Zaibai",11.127773,63.180081,-12.23486
"Zaibai B","O3V",20.552367199357505,43.76,554332.8255038573,0.0,11.128,63.18,-12.235,"Zaibai",11.127773,63.180081,-12.23486
"Zaika A","A4V",1.7089904958724267,1.954,10.428838878753202,0.0,22.357,66.856,45.462,"Zaika",22.35711,66.85552,45.461508
"Zaika B","M0V",0.2603816383936395,0.186,0.002775206504708595,0.0,22.357,66.856,45.462,"Zaika",22.35711,66.85552,45.461508
"Zaika C","F5V",1.1877836644105055,1.24,2.1231266321032853,0.0,22.357,66.856,45.462,"Zaika",22.35711,66.85552,45.461508
"Zaikibazai A","G0V",1.0087903623361185,1.011,1.0390322905615064,0.0,3.04,75.437,37.7,"Zaikibazai",3.040486,75.436881,37.699632
"Zaikibazai B","M4V",0.23773135757803437,0.166,0.0018637098826459705,0.0,3.04,75.437,37.7,"Zaikibazai",3.040486,75.436881,37.699632
"Zaitemgal A","M0V",0.16102011682842696,0.102,0.0003389226560218835,0.0,-79.677,-3.462,-3.516,"Zaitemgal",-79.676979,-3.461588,-3.515863
"Zaitemgal B","M3V",0.47948863357994487,0.399,0.04012408436633344,0.0,-79.677,-3.462,-3.516,"Zaitemgal",-79.676979,-3.461588,-3.515863
"Zaitemgal C","A2V",1.671101699026141,1.9,9.45447903905868,0.0,-79.677,-3.462,-3.516,"Zaitemgal",-79.676979,-3.461588,-3.515863
"Zenval A","K2V",0.664539805948974,0.6,0.1673128805561604,0.0,-11.257,72.307,61.196,"Zenval",-11.257129,72.307372,61.196244
"Zenval B","M2V",0.35808309225714174,0.277,0.011186112730849422,0.0,-11.257,72.307,61.196,"Zenval",-11.257129,72.307372,61.196244
